good_nav_pix,tot_nav_pix,fidelity,Rover.pitch,Rover.roll
3958,3958,100.0,-0.0002,-0.0001
3986,3986,100.0,-0.0003,-0.0001
4023,4023,100.0,-0.0004,-0.0001
3993,3993,100.0,0.0065,0.0007
3993,3993,100.0,0.0065,0.0007
4070,4070,100.0,0.0283,0.0031
4203,4206,99.9,0.0363,0.0038
4350,4352,100.0,0.1379,0.0152
4350,4352,100.0,0.1379,0.0152
4499,4503,99.9,0.1699,0.0182
4531,4537,99.9,0.2222,0.0216
4700,4708,99.8,0.2739,0.0301
4970,5008,99.2,0.3572,0.0384
4970,5008,99.2,0.3572,0.0384
5012,5054,99.2,0.4426,0.0394
6391,6476,98.7,0.4845,0.0424
6956,7052,98.6,0.5167,0.0412
8042,8172,98.4,0.5763,0.0255
8042,8172,98.4,0.5763,0.0255
8123,8256,98.4,0.6117,0.0147
8321,8468,98.3,0.6408,0.0091
8467,8627,98.1,0.6561,0.0011
8581,8743,98.1,0.6671,-0.0028
8637,8806,98.1,0.6696,-0.0016
8590,8756,98.1,0.6686,-0.0017
8571,8743,98.0,0.6845,0.0008
8773,8944,98.1,0.6894,-0.0012
8746,8914,98.1,0.6854,-0.0013
8746,8914,98.1,0.6854,-0.0013
8716,8891,98.0,0.6821,0.0002
8575,8754,98.0,0.6713,0.0021
8531,8704,98.0,0.652,-0.0014
8531,8704,98.0,0.652,-0.0014
8380,8555,98.0,0.6467,0.0042
8277,8442,98.0,0.642,0.0065
8292,8468,97.9,0.6234,0.0045
8210,8382,97.9,0.6094,0.0059
8127,8292,98.0,0.5999,0.0062
7974,8133,98.0,0.5823,0.0106
7931,8089,98.0,0.572,0.0159
7719,7869,98.1,0.5664,0.0186
7785,7933,98.1,0.5578,0.0204
7736,7881,98.2,0.5435,0.0289
7736,7881,98.2,0.5435,0.0289
7583,7733,98.1,0.5387,0.0374
7484,7599,98.5,0.5102,0.0568
7484,7599,98.5,0.5102,0.0568
7307,7389,98.9,0.4989,0.06
7077,7153,98.9,0.5034,0.0741
7077,7153,98.9,0.5034,0.0741
7224,7302,98.9,0.4923,0.0801
6864,6938,98.9,0.4688,0.0941
6864,6938,98.9,0.4688,0.0941
6836,6914,98.9,0.4586,0.1008
6670,6744,98.9,0.4566,0.1014
6617,6690,98.9,0.4515,0.1039
6651,6722,98.9,0.4449,0.1048
6488,6562,98.9,0.4296,0.1098
6342,6409,99.0,0.4272,0.1192
6342,6409,99.0,0.4272,0.1192
6350,6410,99.1,0.4314,0.12
6381,6444,99.0,0.431,0.1188
6210,6269,99.1,0.4165,0.1249
6210,6269,99.1,0.4165,0.1249
6194,6261,98.9,0.4213,0.1259
6068,6132,99.0,0.4008,0.1355
6068,6132,99.0,0.4008,0.1355
5926,5996,98.8,0.4035,0.1404
5997,6069,98.8,0.3981,0.146
6016,6090,98.8,0.3957,0.1467
5971,6043,98.8,0.4028,0.1457
6103,6186,98.7,0.4042,0.1441
6040,6110,98.9,0.4141,0.147
5979,6048,98.9,0.4125,0.1558
5979,6048,98.9,0.4125,0.1558
6017,6092,98.8,0.3998,0.1588
6001,6071,98.8,0.4034,0.1608
6000,6074,98.8,0.4097,0.1595
5987,6071,98.6,0.3999,0.1579
5841,5914,98.8,0.3985,0.1578
5871,5950,98.7,0.4083,0.1585
5949,6031,98.6,0.4058,0.1585
5856,5934,98.7,0.4072,0.1577
5890,5981,98.5,0.4069,0.1563
5849,5935,98.6,0.4265,0.1579
6082,6173,98.5,0.4301,0.1586
6118,6213,98.5,0.4231,0.1571
5968,6066,98.4,0.4255,0.1546
5974,6068,98.5,0.4282,0.1543
5985,6088,98.3,0.4277,0.1544
6019,6115,98.4,0.4291,0.1546
6073,6174,98.4,0.4396,0.1556
6120,6242,98.0,0.4388,0.1562
6091,6201,98.2,0.4431,0.1593
6119,6235,98.1,0.4445,0.1611
6051,6177,98.0,0.4491,0.1644
6119,6247,98.0,0.4481,0.1663
6142,6256,98.2,0.449,0.1667
6128,6240,98.2,0.454,0.1697
6139,6250,98.2,0.4555,0.1714
6100,6219,98.1,0.4682,0.1733
6172,6299,98.0,0.4702,0.1728
6149,6282,97.9,0.4764,0.1748
6095,6238,97.7,0.484,0.1745
6095,6238,97.7,0.484,0.1745
6281,6424,97.8,0.4729,0.176
6168,6313,97.7,0.4824,0.1805
6183,6320,97.8,0.4694,0.1849
6003,6134,97.9,0.4679,0.1875
5964,6098,97.8,0.4651,0.2025
5964,6098,97.8,0.4651,0.2025
5853,5977,97.9,0.4682,0.2062
5861,5982,98.0,0.4794,0.2115
5883,6003,98.0,0.4672,0.2149
5881,5997,98.1,0.467,0.2165
5881,5997,98.1,0.467,0.2165
5876,5993,98.0,0.4653,0.2186
5648,5726,98.6,0.4503,0.2209
5648,5726,98.6,0.4503,0.2209
5640,5717,98.7,0.4468,0.2237
5578,5642,98.9,0.4283,0.2296
5505,5561,99.0,0.4182,0.2318
5505,5561,99.0,0.4182,0.2318
5516,5566,99.1,0.4089,0.2343
5356,5405,99.1,0.4058,0.2355
5146,5195,99.1,0.3845,0.2417
5146,5195,99.1,0.3845,0.2417
5153,5202,99.1,0.3884,0.2447
5110,5164,99.0,0.384,0.246
5077,5125,99.1,0.3831,0.2472
5103,5143,99.2,0.3808,0.2475
5059,5102,99.2,0.3739,0.2455
5059,5102,99.2,0.3739,0.2455
4855,4897,99.1,0.3736,0.2451
4765,4807,99.1,0.3775,0.2439
4866,4920,98.9,0.3755,0.2427
4706,4752,99.0,0.3747,0.2412
4986,5031,99.1,0.3826,0.2368
4986,5031,99.1,0.3826,0.2368
4865,4905,99.2,0.3797,0.2337
4783,4830,99.0,0.373,0.2298
4468,4502,99.2,0.3692,0.2226
4468,4502,99.2,0.3692,0.2226
4299,4336,99.1,0.3713,0.2201
4278,4311,99.2,0.3745,0.216
4696,4727,99.3,0.3797,0.2028
4696,4727,99.3,0.3797,0.2028
4419,4451,99.3,0.3787,0.1964
4486,4512,99.4,0.3826,0.1892
4930,4958,99.4,0.3967,0.1673
4930,4958,99.4,0.3967,0.1673
5078,5113,99.3,0.4019,0.1568
5075,5109,99.3,0.4048,0.1381
5249,5278,99.5,0.4072,0.1126
5249,5278,99.5,0.4072,0.1126
5184,5214,99.4,0.4089,0.0927
5150,5183,99.4,0.4092,0.0785
5190,5226,99.3,0.4095,0.0516
5190,5226,99.3,0.4095,0.0516
5295,5323,99.5,0.4113,0.038
5335,5367,99.4,0.414,0.0215
5359,5391,99.4,0.4135,359.9901
5359,5391,99.4,0.4135,359.9901
5400,5429,99.5,0.4097,359.9843
5382,5411,99.5,0.4051,359.9752
4571,4598,99.4,0.3788,359.954
4571,4598,99.4,0.3788,359.954
4683,4708,99.5,0.3576,359.9487
4164,4189,99.4,0.3551,359.9432
4165,4192,99.4,0.352,359.9374
4136,4161,99.4,0.3368,359.9319
4081,4106,99.4,0.3323,359.9285
4071,4095,99.4,0.3315,359.9268
4065,4084,99.5,0.3328,359.9225
4100,4122,99.5,0.3262,359.9196
4069,4089,99.5,0.3232,359.9167
4069,4089,99.5,0.3232,359.9167
4060,4077,99.6,0.3202,359.9124
4052,4065,99.7,0.3185,359.9093
4044,4050,99.9,0.3085,359.9004
4044,4050,99.9,0.3085,359.9004
4023,4026,99.9,0.3081,359.8979
4076,4078,100.0,0.3103,359.8934
4076,4078,100.0,0.3103,359.8934
4073,4075,100.0,0.3189,359.8928
4164,4167,99.9,0.3406,359.8972
4164,4167,99.9,0.3406,359.8972
4188,4188,100.0,0.3481,359.9009
4239,4241,100.0,0.3631,359.9135
4239,4241,100.0,0.3631,359.9135
4271,4272,100.0,0.3681,359.9193
4539,4539,100.0,0.3752,359.9308
4776,4776,100.0,0.3785,359.9387
5025,5025,100.0,0.3795,359.9463
4582,4582,100.0,0.3844,359.9542
4863,4863,100.0,0.3857,359.963
4863,4863,100.0,0.3857,359.963
4945,4945,100.0,0.3894,359.9733
5057,5057,100.0,0.3955,-0.0007
5057,5057,100.0,0.3955,-0.0007
5218,5218,100.0,0.397,0.0019
5342,5344,100.0,0.3979,0.0064
5342,5344,100.0,0.3979,0.0064
5271,5273,100.0,0.3955,0.0138
5287,5290,99.9,0.3948,0.0163
5010,5013,99.9,0.3861,0.0283
5010,5013,99.9,0.3861,0.0283
4698,4703,99.9,0.38,0.0345
4720,4722,100.0,0.3759,0.0381
4407,4409,100.0,0.3656,0.048
4407,4409,100.0,0.3656,0.048
4275,4287,99.7,0.3609,0.054
4342,4352,99.8,0.3578,0.057
4210,4219,99.8,0.3426,0.0758
4210,4219,99.8,0.3426,0.0758
4180,4185,99.9,0.3353,0.088
4192,4206,99.7,0.3297,0.0982
4154,4173,99.5,0.3137,0.1227
4154,4173,99.5,0.3137,0.1227
4125,4141,99.6,0.3079,0.1324
4162,4179,99.6,0.3017,0.1445
4166,4179,99.7,0.2876,0.1743
4166,4179,99.7,0.2876,0.1743
4142,4158,99.6,0.2814,0.186
4240,4258,99.6,0.2756,0.1958
4399,4415,99.6,0.2599,0.2243
4399,4415,99.6,0.2599,0.2243
4343,4357,99.7,0.2553,0.2306
4253,4262,99.8,0.2497,0.2327
4178,4188,99.8,0.2458,0.2355
4178,4188,99.8,0.2458,0.2355
4148,4162,99.7,0.2437,0.2387
4103,4110,99.8,0.243,0.2399
4100,4111,99.7,0.2427,0.2403
4100,4111,99.7,0.2427,0.2403
4055,4074,99.5,0.2437,0.2387
4113,4145,99.2,0.246,0.2322
4068,4129,98.5,0.2506,0.2226
4068,4129,98.5,0.2506,0.2226
4154,4213,98.6,0.2542,0.2188
4140,4200,98.6,0.2567,0.2157
4183,4246,98.5,0.2643,0.2067
4183,4246,98.5,0.2643,0.2067
4206,4260,98.7,0.2674,0.2046
4217,4291,98.3,0.2695,0.2008
4285,4344,98.6,0.2737,0.1924
4285,4344,98.6,0.2737,0.1924
4257,4315,98.7,0.2767,0.1854
4394,4480,98.1,0.2816,0.1702
4394,4480,98.1,0.2816,0.1702
4423,4514,98.0,0.2839,0.162
4576,4679,97.8,0.29,0.1406
4576,4679,97.8,0.29,0.1406
4561,4657,97.9,0.295,0.1194
4485,4567,98.2,0.3056,0.0757
4485,4567,98.2,0.3056,0.0757
4337,4401,98.5,0.3113,0.0502
4280,4339,98.6,0.3268,359.9776
4280,4339,98.6,0.3268,359.9776
4222,4263,99.0,0.3274,359.9541
4170,4201,99.3,0.326,359.9399
4117,4124,99.8,0.3195,359.9149
4117,4124,99.8,0.3195,359.9149
4113,4123,99.8,0.3118,359.8953
4092,4102,99.8,0.305,359.8779
4047,4056,99.8,0.2971,359.8602
4005,4018,99.7,0.2928,359.8513
3981,3990,99.8,0.2834,359.8312
3974,3990,99.6,0.2731,359.8107
3956,3979,99.4,0.262,359.7885
3913,3950,99.1,0.2503,359.7659
3932,3958,99.3,0.2441,359.7541
3894,3939,98.9,0.2311,359.7274
3824,3859,99.1,0.2173,359.6989
3829,3899,98.2,0.2101,359.6837
3797,3851,98.6,0.1952,359.6533
3695,3789,97.5,0.1647,359.5924
3695,3789,97.5,0.1647,359.5924
3752,3837,97.8,0.1407,359.5433
3738,3843,97.3,0.1326,359.5262
3704,3804,97.4,0.1161,359.4922
3738,3832,97.5,0.0998,359.4586
3726,3822,97.5,0.0913,359.4393
3762,3872,97.2,0.0737,359.3991
3767,3873,97.3,0.0551,359.3541
3821,3930,97.2,0.0259,359.2837
3887,4004,97.1,0.0059,359.2375
3822,3936,97.1,-0.0042,359.2144
3833,3947,97.1,359.9882,359.1686
3790,3906,97.0,359.9919,359.1236
3760,3867,97.2,0.0068,359.0416
3760,3867,97.2,0.0068,359.0416
3776,3910,96.6,0.0055,358.9795
3531,3671,96.2,0.0061,358.9358
3531,3671,96.2,0.0061,358.9358
3475,3606,96.4,0.0062,358.9574
3413,3543,96.3,0.005,358.9725
3413,3543,96.3,0.005,358.9725
3340,3479,96.0,0.0059,358.9747
3337,3490,95.6,0.0062,358.9886
3323,3455,96.2,0.0062,358.9932
3290,3446,95.5,0.006,359.0035
3218,3365,95.6,0.0056,359.0135
3159,3307,95.5,0.0055,359.0197
3121,3276,95.3,0.0056,359.0333
3036,3185,95.3,0.0063,359.0502
3042,3177,95.8,0.007,359.0594
3049,3195,95.4,0.0091,359.08
3013,3155,95.5,0.014,359.1143
2996,3138,95.5,0.0189,359.1418
2996,3138,95.5,0.0189,359.1418
2893,3038,95.2,0.0255,359.1745
2951,3094,95.4,0.0337,359.2107
2856,2996,95.3,0.0436,359.2473
2977,3120,95.4,0.0491,359.2675
3010,3159,95.3,0.0617,359.3113
2991,3143,95.2,0.0761,359.3599
3074,3225,95.3,0.0841,359.3849
3050,3193,95.5,0.1012,359.4355
3201,3339,95.9,0.1394,359.5377
3201,3339,95.9,0.1394,359.5377
3185,3322,95.9,0.1702,359.6278
3437,3608,95.3,0.2116,359.7503
3465,3637,95.3,0.2315,359.8197
3465,3637,95.3,0.2315,359.8197
3637,3819,95.2,0.2499,359.9055
3756,3945,95.2,0.2757,0.0419
3793,4035,94.0,0.2947,0.2132
3793,4035,94.0,0.2947,0.2132
3949,4214,93.7,0.29,0.2912
3757,4049,92.8,0.2521,0.4736
3757,4049,92.8,0.2521,0.4736
3671,3975,92.4,0.2112,0.5974
3639,3959,91.9,0.1762,0.6909
3592,3959,90.7,0.0706,0.9231
3592,3959,90.7,0.0706,0.9231
3511,3900,90.0,0.023,1.0162
3313,3711,89.3,-0.0041,1.06
3165,3581,88.4,359.9662,1.125
2952,3394,87.0,359.993,1.1437
3037,3490,87.0,0.0031,1.1518
3050,3528,86.5,-0.0025,1.1277
2874,3327,86.4,-0.0038,1.0957
2741,3166,86.6,0.0024,1.0414
2741,3166,86.6,0.0024,1.0414
2713,3154,86.0,0.0072,1.0187
2672,3101,86.2,0.0087,1.0005
2651,3067,86.4,0.0058,0.9714
2651,3067,86.4,0.0058,0.9714
2622,3037,86.3,0.005,0.964
2632,3044,86.5,0.0066,0.9353
2626,3013,87.2,0.0079,0.9168
2612,2982,87.6,0.0095,0.8972
2606,2969,87.8,0.0119,0.8736
2651,2999,88.4,0.0135,0.8592
2651,2967,89.3,0.0267,0.7783
2651,2967,89.3,0.0267,0.7783
2657,2956,89.9,0.035,0.7355
2661,2935,90.7,0.04,0.7096
2669,2888,92.4,0.0734,0.5705
2728,2929,93.1,0.0894,0.5068
2728,2929,93.1,0.0894,0.5068
2827,3013,93.8,0.106,0.4323
3117,3252,95.8,0.1509,0.2287
3117,3252,95.8,0.1509,0.2287
3256,3370,96.6,0.1686,0.1284
3265,3339,97.8,0.1837,0.0
4129,4140,99.7,0.2047,359.5996
4129,4140,99.7,0.2047,359.5996
4420,4432,99.7,0.175,359.4068
4205,4211,99.9,0.1378,359.2503
4377,4379,100.0,0.0317,358.9301
4377,4379,100.0,0.0317,358.9301
4226,4252,99.4,359.9597,358.777
4063,4090,99.3,359.9814,358.7596
4045,4082,99.1,0.0014,358.8675
3925,3949,99.4,0.0018,358.8976
3902,3933,99.2,0.0057,358.95
3814,3841,99.3,0.0068,358.9646
3708,3743,99.1,0.0087,358.9691
3708,3743,99.1,0.0087,358.9691
3662,3690,99.2,0.0062,358.9499
3672,3701,99.2,0.0076,358.9357
3517,3539,99.4,0.0065,358.9443
3517,3539,99.4,0.0065,358.9443
3354,3374,99.4,0.0047,358.9525
3239,3241,99.9,0.0028,358.9496
3239,3241,99.9,0.0028,358.9496
3261,3263,99.9,0.0033,358.9626
3118,3118,100.0,0.0072,358.9765
3064,3064,100.0,0.0084,358.9879
3030,3030,100.0,0.0081,358.9977
2974,2974,100.0,0.0075,359.0043
3059,3059,100.0,0.0061,359.0193
2962,2962,100.0,0.0053,359.028
3011,3012,100.0,0.0042,359.0514
2951,2951,100.0,0.0037,359.0755
2960,2970,99.7,0.0038,359.0885
2874,2876,99.9,0.0052,359.1273
2888,2888,100.0,0.0075,359.1565
2850,2850,100.0,0.0112,359.1904
2886,2886,100.0,0.0167,359.2294
2876,2876,100.0,0.0202,359.2502
2878,2878,100.0,0.0287,359.297
2892,2892,100.0,0.0397,359.3495
2961,2963,99.9,0.0525,359.4059
2960,2960,100.0,0.0595,359.436
2948,2948,100.0,0.0742,359.5042
2961,2962,100.0,0.0817,359.5429
2962,2965,99.9,0.0973,359.6279
2998,3005,99.8,0.1136,359.7183
3009,3020,99.6,0.1219,359.7669
3005,3020,99.5,0.1387,359.8688
3051,3070,99.4,0.1557,359.9768
3064,3101,98.8,0.1641,0.0344
3227,3265,98.8,0.1806,0.1563
3318,3403,97.5,0.1911,0.2807
3485,3694,94.3,0.1721,0.5061
3485,3694,94.3,0.1721,0.5061
3455,3688,93.7,0.1488,0.6262
3583,3929,91.2,0.1138,0.7659
3634,4025,90.3,0.0703,0.9077
3529,3929,89.8,0.0459,0.9786
3200,3678,87.0,359.9783,1.1596
3130,3623,86.4,359.9853,1.2118
3206,3764,85.2,0.0146,1.2072
3163,3696,85.6,359.9921,1.1325
2982,3363,88.7,359.988,1.1043
2962,3350,88.4,0.0015,1.062
2970,3324,89.4,0.0073,1.0356
2916,3250,89.7,0.0079,1.0182
2817,3119,90.3,0.0071,1.0013
2817,3119,90.3,0.0071,1.0013
2805,3089,90.8,0.0065,0.9866
2787,3063,91.0,0.0056,0.978
2787,3063,91.0,0.0056,0.978
2849,3098,92.0,0.0052,0.9766
2881,3120,92.3,0.0043,0.9631
2923,3137,93.2,0.0037,0.9398
2923,3137,93.2,0.0037,0.9398
2930,3127,93.7,0.0033,0.9219
2955,3148,93.9,0.0037,0.8873
2950,3138,94.0,0.0059,0.8481
2954,3138,94.1,0.0101,0.8033
2970,3125,95.0,0.0131,0.7781
2949,3091,95.4,0.0208,0.7211
2894,3017,95.9,0.0303,0.6555
2904,3015,96.3,0.0356,0.6186
2886,3000,96.2,0.0474,0.5392
2881,2984,96.5,0.0607,0.4558
2859,2934,97.4,0.0679,0.4114
2884,2958,97.5,0.0831,0.3217
2943,3010,97.8,0.099,0.2235
2996,3041,98.5,0.124,0.0695
2998,3030,98.9,0.1498,359.9102
3189,3221,99.0,0.1662,359.7869
3189,3221,99.0,0.1662,359.7869
4115,4122,99.8,0.1605,359.5045
4115,4122,99.8,0.1605,359.5045
4246,4251,99.9,0.1266,359.3316
4513,4527,99.7,0.0339,359.0315
4513,4527,99.7,0.0339,359.0315
4311,4324,99.7,-0.0049,358.896
4451,4490,99.1,359.9886,358.8118
4451,4490,99.1,359.9886,358.8118
4292,4329,99.1,-0.0007,358.8921
4097,4138,99.0,0.0027,358.9009
3746,3781,99.1,-0.0028,358.9447
3746,3781,99.1,-0.0028,358.9447
3660,3715,98.5,0.0055,358.958
3600,3605,99.9,0.0074,358.9746
3574,3581,99.8,0.0032,359.0033
3574,3581,99.8,0.0032,359.0033
3475,3482,99.8,0.0042,359.0194
3331,3343,99.6,0.0041,359.0645
3331,3343,99.6,0.0041,359.0645
3266,3276,99.7,0.0047,359.0928
3242,3254,99.6,0.0063,359.1369
3220,3220,100.0,0.016,359.2354
3284,3284,100.0,0.0286,359.3266
3284,3284,100.0,0.0286,359.3266
3388,3405,99.5,0.0383,359.4045
3332,3364,99.0,0.0552,359.5354
3405,3420,99.6,0.0818,359.7315
3405,3420,99.6,0.0818,359.7315
3495,3530,99.0,0.1024,359.9136
3537,3570,99.1,0.1478,0.3026
3537,3570,99.1,0.1478,0.3026
3735,3775,98.9,0.1429,0.4302
4012,4081,98.3,0.0746,0.7949
4012,4081,98.3,0.0746,0.7949
3911,3991,98.0,0.0376,0.9144
3880,3971,97.7,359.9939,1.0409
3928,4033,97.4,359.9728,1.1445
4031,4144,97.3,359.9896,1.187
4259,4381,97.2,359.9915,1.1623
4097,4209,97.3,359.9934,1.0971
3830,3923,97.6,0.0062,1.0632
3876,3975,97.5,0.0053,1.0328
3837,3928,97.7,0.006,1.0064
3840,3917,98.0,0.0061,0.9898
3823,3884,98.4,0.0056,0.9085
3823,3884,98.4,0.0056,0.9085
3825,3878,98.6,0.0061,0.8695
3853,3898,98.8,0.0099,0.7922
3823,3850,99.3,0.0226,0.6871
3823,3850,99.3,0.0226,0.6871
3840,3866,99.3,0.0316,0.6294
3865,3883,99.5,0.0341,0.5088
3844,3856,99.7,0.0266,0.4223
3829,3836,99.8,0.0205,0.3773
3895,3898,99.9,359.9756,0.1428
3895,3898,99.9,359.9756,0.1428
3863,3869,99.8,359.9622,0.0457
3953,3956,99.9,359.9534,359.9449
4050,4074,99.4,359.9491,359.844
3984,3984,100.0,359.9489,359.7481
4020,4020,100.0,359.9503,359.7042
4078,4078,100.0,359.994,359.5309
4078,4078,100.0,359.994,359.5309
4296,4296,100.0,0.0111,359.4489
4489,4489,100.0,0.0105,359.3996
4684,4684,100.0,0.0058,359.3769
4797,4797,100.0,359.9858,359.3145
4863,4863,100.0,359.9756,359.2685
4832,4832,100.0,359.9732,359.2179
6851,6851,100.0,-0.003,359.1183
6851,6851,100.0,-0.003,359.1183
7382,7382,100.0,0.0063,359.0346
7515,7515,100.0,0.0015,358.8706
7515,7515,100.0,0.0015,358.8706
7323,7323,100.0,-0.0023,358.8297
6895,6895,100.0,0.004,358.927
6895,6895,100.0,0.004,358.927
6713,6713,100.0,0.0025,358.953
5177,5177,100.0,0.0028,358.9467
5177,5177,100.0,0.0028,358.9467
4971,4971,100.0,0.0039,358.9542
4541,4541,100.0,0.0035,358.994
4286,4286,100.0,0.0012,359.1101
4286,4286,100.0,0.0012,359.1101
4284,4284,100.0,359.9903,359.1794
4063,4063,100.0,359.9813,359.2269
4219,4219,100.0,359.9026,359.5659
4219,4219,100.0,359.9026,359.5659
4215,4215,100.0,359.8678,359.7873
4439,4439,100.0,359.8499,359.9685
4919,4919,100.0,359.8384,0.1621
5260,5260,100.0,359.8332,0.3666
6208,6208,100.0,359.8939,0.762
6208,6208,100.0,359.8939,0.762
6913,7115,97.2,359.9494,0.9806
8245,9261,89.0,0.0188,1.2015
9414,12243,76.9,-0.0004,1.1687
9414,12243,76.9,-0.0004,1.1687
9262,11580,80.0,0.0002,1.0718
8660,10091,85.8,359.9848,1.025
8527,9821,86.8,359.9814,1.0275
8475,9751,86.9,359.988,1.046
8579,10197,84.1,0.0095,1.1009
8579,10197,84.1,0.0095,1.1009
8578,10193,84.2,0.0012,1.1039
8307,9700,85.6,0.0033,1.0989
8141,9514,85.6,0.0003,1.0932
7688,8875,86.6,0.0063,1.0961
7688,8875,86.6,0.0063,1.0961
7584,8936,84.9,-0.001,1.0894
6780,7798,86.9,-0.0019,1.0849
6537,7443,87.8,-0.0022,1.0816
5824,6299,92.5,0.0021,1.0785
5824,6299,92.5,0.0021,1.0785
5528,6098,90.7,0.0031,1.0764
5245,5623,93.3,0.0024,1.063
5030,5304,94.8,0.002,1.0432
4900,5119,95.7,0.0023,1.0344
4810,5018,95.9,0.0044,1.0271
4814,5024,95.8,0.003,1.0049
4748,4930,96.3,-0.003,0.9789
4726,4860,97.2,359.992,0.9669
4714,4819,97.8,359.9807,0.9392
4685,4825,97.1,359.9717,0.9077
4651,4796,97.0,359.9692,0.8427
4651,4796,97.0,359.9692,0.8427
4686,4835,96.9,359.9737,0.8062
4720,4891,96.5,359.9808,0.7701
4876,5066,96.2,0.0021,0.702
4876,5066,96.2,0.0021,0.702
4901,5101,96.1,0.0085,0.6558
4829,4979,97.0,359.9805,0.577
4829,4979,97.0,359.9805,0.577
4823,4939,97.7,359.9643,0.5533
4640,4682,99.1,359.9163,0.4955
4640,4682,99.1,359.9163,0.4955
4548,4591,99.1,359.8972,0.4437
4424,4476,98.8,359.8915,0.4065
4391,4457,98.5,359.8907,0.369
4464,4557,98.0,359.892,0.3506
4486,4567,98.2,359.8976,0.308
4516,4646,97.2,359.907,0.2614
4577,4734,96.7,359.9199,0.2181
4834,5006,96.6,359.9647,0.1131
4834,5006,96.6,359.9647,0.1131
4979,5143,96.8,-0.0024,0.0439
6301,6461,97.5,0.07,359.8998
6301,6461,97.5,0.07,359.8998
6493,6628,98.0,0.0945,359.8406
6363,6440,98.8,0.1109,359.7445
6245,6320,98.8,0.0848,359.591
6348,6397,99.2,0.0441,359.4598
6348,6397,99.2,0.0441,359.4598
6838,6868,99.6,359.9897,359.3055
7012,7125,98.4,359.9571,359.1424
7464,7599,98.2,359.9475,358.9777
9343,10150,92.0,0.0221,358.737
9343,10150,92.0,0.0221,358.737
9887,10738,92.1,359.9861,358.7899
9475,10194,92.9,0.0058,358.8954
9283,9790,94.8,0.0017,358.9401
9322,9759,95.5,0.0003,358.9513
9464,9914,95.5,-0.0038,358.9529
9442,9966,94.7,-0.0048,358.9418
9818,10509,93.4,-0.0019,358.911
9818,10509,93.4,-0.0019,358.911
9731,10548,92.3,0.0032,358.8966
10026,10920,91.8,-0.0003,358.9042
10145,11152,91.0,0.0033,358.8975
10373,11459,90.5,-0.0012,358.9083
10373,11459,90.5,-0.0012,358.9083
10461,11513,90.9,0.0017,358.9008
10754,11781,91.3,-0.0013,358.9025
11011,12000,91.8,-0.0017,358.9066
11011,12000,91.8,-0.0017,358.9066
11061,12042,91.9,0.0093,358.8993
11316,12315,91.9,0.0026,358.9009
10980,11990,91.6,-0.0024,358.9112
10980,11990,91.6,-0.0024,358.9112
10986,12052,91.2,0.0012,358.9168
11101,12196,91.0,0.0013,358.9178
11030,12148,90.8,0.0016,358.9176
11108,12254,90.6,0.0012,358.9146
11108,12254,90.6,0.0012,358.9146
11123,12295,90.5,359.994,358.9137
11013,12228,90.1,359.9909,358.8956
11049,12285,89.9,0.0002,358.8857
11145,12393,89.9,-0.0052,358.8882
11096,12339,89.9,0.0,358.8923
11096,12339,89.9,0.0,358.8923
11205,12412,90.3,0.012,358.8819
11197,12423,90.1,-0.0017,358.9091
11197,12423,90.1,-0.0017,358.9091
11066,12395,89.3,0.0062,358.9146
10931,11774,92.8,0.0059,358.9165
10657,11471,92.9,0.0059,358.9178
9978,10547,94.6,0.0023,358.9169
9429,9975,94.5,0.0066,358.9166
9429,9975,94.5,0.0066,358.9166
9212,9608,95.9,0.0029,358.9148
8698,9198,94.6,0.0073,358.9134
7747,8179,94.7,0.008,358.911
7747,8179,94.7,0.008,358.911
7673,8161,94.0,0.0044,358.9096
7182,7621,94.2,0.0087,358.9109
6764,7059,95.8,0.0049,358.911
6552,6916,94.7,0.009,358.9126
6552,6916,94.7,0.009,358.9126
6346,6573,96.5,0.0091,358.9129
5810,5967,97.4,0.0094,358.9122
5810,5967,97.4,0.0094,358.9122
5690,5851,97.2,0.0095,358.9117
5299,5373,98.6,0.0097,358.9102
5299,5373,98.6,0.0097,358.9102
5273,5372,98.2,0.0057,358.9093
4988,5038,99.0,0.0069,358.9271
4988,5038,99.0,0.0069,358.9271
4898,4928,99.4,-0.0016,358.9464
4559,4572,99.7,359.9882,358.9429
4559,4572,99.7,359.9882,358.9429
4531,4549,99.6,359.9942,358.946
4450,4468,99.6,0.0032,358.9521
4416,4437,99.5,0.0059,358.9529
4378,4395,99.6,0.0035,358.9566
4378,4395,99.6,0.0035,358.9566
4342,4354,99.7,0.0046,358.9609
4306,4313,99.8,0.0047,358.9656
4259,4261,100.0,0.0045,358.9688
4185,4185,100.0,0.0039,358.9765
4185,4185,100.0,0.0039,358.9765
4146,4146,100.0,0.0007,358.9856
4125,4125,100.0,359.9939,358.9994
4075,4075,100.0,359.9847,359.0147
4005,4005,100.0,359.978,359.0224
3764,3764,100.0,359.95,359.0818
3764,3764,100.0,359.95,359.0818
3674,3674,100.0,359.946,359.1135
3629,3629,100.0,359.9458,359.1553
3638,3638,100.0,359.9639,359.2981
3638,3638,100.0,359.9639,359.2981
3659,3659,100.0,359.975,359.3569
3690,3690,100.0,359.9871,359.4345
3769,3769,100.0,359.9937,359.4762
3801,3801,100.0,0.0081,359.5678
4305,4305,100.0,0.0538,359.8782
4305,4305,100.0,0.0538,359.8782
4402,4402,100.0,0.0576,0.0024
4857,4857,100.0,0.0271,0.4068
4857,4857,100.0,0.0271,0.4068
5046,5046,100.0,359.9751,0.6464
5134,5137,99.9,359.9642,0.8397
5187,5252,98.8,359.9734,1.0401
6352,8005,79.4,0.0138,1.2558
6352,8005,79.4,0.0138,1.2558
6337,8064,78.6,0.0024,1.1637
6228,7367,84.5,0.0139,1.0946
6212,7089,87.6,-0.0001,1.0684
5535,5918,93.5,0.0058,1.0727
5535,5918,93.5,0.0058,1.0727
5492,5970,92.0,0.0026,1.0939
5403,5790,93.3,0.0005,1.099
5328,5701,93.5,0.003,1.0978
5169,5429,95.2,0.0112,1.1009
5169,5429,95.2,0.0112,1.1009
5129,5440,94.3,0.0039,1.1037
5070,5334,95.1,0.0005,1.0977
5001,5265,95.0,-0.0013,1.0912
4933,5161,95.6,-0.0025,1.0805
4933,5161,95.6,-0.0025,1.0805
4907,5162,95.1,-0.0025,1.0778
4865,5117,95.1,-0.0022,1.0773
4627,4841,95.6,-0.0007,1.0855
4627,4841,95.6,-0.0007,1.0855
4556,4786,95.2,-0.0001,1.089
4370,4656,93.9,0.0056,1.089
4248,4531,93.8,0.0064,1.0842
4248,4531,93.8,0.0064,1.0842
4153,4427,93.8,0.0072,1.0782
3911,4148,94.3,0.0054,1.0681
3911,4148,94.3,0.0054,1.0681
3823,4050,94.4,0.0064,1.0638
3766,3951,95.3,0.0066,1.055
3713,3851,96.4,0.0041,1.0528
3638,3787,96.1,0.0036,1.0568
3613,3763,96.0,-0.0048,1.0586
3501,3601,97.2,359.9912,1.0597
3409,3489,97.7,359.9857,1.0655
3368,3463,97.3,359.9891,1.0716
3310,3393,97.6,0.0096,1.0779
3278,3364,97.4,0.0039,1.0733
3164,3234,97.8,0.0021,1.0614
3077,3144,97.9,0.0005,1.0511
3054,3127,97.7,-0.0019,1.0446
3054,3127,97.7,-0.0019,1.0446
2970,3047,97.5,0.0003,1.0456
2926,3012,97.1,-0.005,1.0466
2875,2966,96.9,359.9916,1.0466
2763,2876,96.1,359.9761,1.0574
2763,2876,96.1,359.9761,1.0574
2732,2852,95.8,359.9814,1.0615
2707,2833,95.6,-0.0025,1.066
2588,2733,94.7,0.0039,1.0584
2588,2733,94.7,0.0039,1.0584
2569,2698,95.2,0.0038,1.0448
2469,2592,95.3,0.0064,1.0482
2424,2543,95.3,0.006,1.0501
2424,2543,95.3,0.006,1.0501
2389,2496,95.7,0.0047,1.0481
2350,2442,96.2,-0.0018,1.0425
2293,2363,97.0,-0.0055,1.0422
2239,2303,97.2,359.9925,1.0427
2158,2210,97.6,-0.0007,1.0453
2158,2210,97.6,-0.0007,1.0453
2118,2178,97.2,0.0065,1.0515
2025,2101,96.4,0.0008,1.0412
2025,2101,96.4,0.0008,1.0412
1989,2078,95.7,0.0007,1.0434
1963,2040,96.2,-0.0003,1.0418
1832,1899,96.5,0.0028,1.0463
1832,1899,96.5,0.0028,1.0463
1772,1838,96.4,0.0016,1.041
1705,1756,97.1,-0.0002,1.0439
1643,1705,96.4,-0.0051,1.0455
1643,1705,96.4,-0.0051,1.0455
1593,1660,96.0,359.9914,1.0437
1550,1621,95.6,359.9931,1.0453
1459,1549,94.2,0.0024,1.0499
1459,1549,94.2,0.0024,1.0499
1432,1535,93.3,0.0038,1.045
1304,1379,94.6,0.006,1.0479
1304,1379,94.6,0.006,1.0479
1280,1361,94.0,0.0017,1.0496
1261,1336,94.4,359.9916,1.0449
1230,1296,94.9,359.985,1.0458
1202,1270,94.6,359.9815,1.0478
1169,1237,94.5,359.9801,1.0507
1153,1223,94.3,359.9905,1.0477
1132,1204,94.0,0.0056,1.0429
1117,1185,94.3,0.008,1.043
1086,1164,93.3,0.005,1.0402
1052,1121,93.8,0.0038,1.0412
973,1037,93.8,0.0035,1.0436
973,1037,93.8,0.0035,1.0436
954,1031,92.5,0.0007,1.033
916,990,92.5,-0.0033,1.0178
833,896,93.0,359.981,0.9963
833,896,93.0,359.981,0.9963
798,868,91.9,359.9621,0.9688
714,770,92.7,359.9315,0.9038
676,730,92.6,359.9268,0.8692
676,730,92.6,359.9268,0.8692
650,699,93.0,359.9263,0.8209
580,626,92.7,359.9402,0.6818
580,626,92.7,359.9402,0.6818
554,599,92.5,359.9503,0.6098
531,568,93.5,359.969,0.4767
511,541,94.5,359.9836,0.374
494,520,95.0,-0.0003,0.2588
464,478,97.1,0.0359,0.0023
464,478,97.1,0.0359,0.0023
460,472,97.5,0.0527,359.8343
450,459,98.0,0.0604,359.6242
418,435,96.1,359.9658,359.0182
418,435,96.1,359.9658,359.0182
411,434,94.7,359.9564,358.8178
393,422,93.1,359.9841,358.8076
393,422,93.1,359.9841,358.8076
381,407,93.6,359.9887,358.959
362,393,92.1,359.9878,358.9759
359,390,92.1,-0.0026,358.9994
337,383,88.0,0.0092,358.9441
337,383,88.0,0.0092,358.9441
345,388,88.9,0.0071,358.9092
352,397,88.7,0.0091,358.8925
347,389,89.2,0.0038,358.8999
331,368,89.9,0.0009,358.9048
335,372,90.1,-0.0007,358.9104
320,359,89.1,0.011,358.9012
320,359,89.1,0.011,358.9012
327,367,89.1,0.011,358.9009
322,358,89.9,0.0066,358.9046
325,369,88.1,0.0065,358.909
325,369,88.1,0.0065,358.909
313,359,87.2,0.0064,358.9135
317,365,86.8,0.0064,358.9173
318,372,85.5,0.0063,358.9196
323,377,85.7,0.0064,358.9203
316,369,85.6,0.0066,358.9176
316,369,85.6,0.0066,358.9176
312,363,86.0,0.0108,358.914
299,366,81.7,0.0069,358.9123
297,363,81.8,0.0069,358.91
296,358,82.7,0.0068,358.908
296,358,82.7,0.0068,358.908
296,365,81.1,0.0108,358.9098
293,365,80.3,0.0108,358.9111
283,373,75.9,0.0067,358.9124
292,413,70.7,0.0067,358.9132
292,413,70.7,0.0067,358.9132
286,397,72.0,0.0106,358.9131
273,397,68.8,0.0067,358.9123
256,374,68.4,0.0067,358.9097
256,374,68.4,0.0067,358.9097
256,374,68.4,0.0067,358.9097
240,365,65.8,359.8729,358.8051
234,377,62.1,359.5943,358.613
234,377,62.1,359.5943,358.613
190,285,66.7,358.967,358.076
128,185,69.2,357.8896,357.1842
109,149,73.2,356.9965,356.4755
77,103,74.8,355.5914,355.4207
65,93,69.9,354.9601,355.1573
65,93,69.9,354.9601,355.1573
59,88,67.0,354.0289,354.6227
21,41,51.2,351.159,352.9904
21,41,51.2,351.159,352.9904
16,33,48.5,349.9945,352.4554
15,32,46.9,349.1306,352.4265
9,25,36.0,348.2977,352.4937
3,15,20.0,346.6266,353.7548
3,15,20.0,346.6266,353.7548
1,9,11.1,346.2965,354.488
1,10,10.0,345.5939,355.8658
0,8,0.0,345.2383,356.5043
0,8,0.0,345.0393,357.0555
0,6,0.0,344.966,357.3939
0,6,0.0,344.966,357.3939
0,6,0.0,345.1739,357.4844
0,5,0.0,345.5675,357.0363
0,7,0.0,346.6305,355.9398
0,6,0.0,347.6453,355.4844
0,6,0.0,347.6453,355.4844
1,11,9.1,349.5501,354.9847
5,22,22.7,353.6132,354.3883
5,22,22.7,353.6132,354.3883
9,26,34.6,355.5152,354.1202
33,54,61.1,358.6278,353.6598
117,142,82.4,1.8046,353.4394
117,142,82.4,1.8046,353.4394
344,963,35.7,3.4272,353.8712
416,3339,12.5,5.6282,354.6116
433,5943,7.3,6.8584,355.115
348,7654,4.5,7.7201,355.3117
348,7654,4.5,7.7201,355.3117
336,8116,4.1,8.6427,355.4494
501,5526,9.1,9.0335,355.2145
501,5526,9.1,9.0335,355.2145
513,5054,10.2,8.8159,355.0169
511,4975,10.3,8.0575,354.592
505,6301,8.0,7.298,354.257
392,7810,5.0,6.3245,353.895
343,7439,4.6,4.4742,353.3054
343,7439,4.6,4.4742,353.3054
438,5348,8.2,2.9788,352.8926
415,3542,11.7,1.3254,352.5173
357,2217,16.1,359.0716,352.9704
197,425,46.4,357.901,353.5934
197,425,46.4,357.901,353.5934
114,160,71.2,356.8683,354.3937
16,46,34.8,354.9595,357.045
16,46,34.8,354.9595,357.045
12,46,26.1,354.1642,358.6564
6,29,20.7,353.7042,359.4142
3,28,10.7,353.3727,0.4447
3,28,10.7,353.3727,0.4447
0,22,0.0,353.2863,0.9699
0,20,0.0,353.3191,1.4617
1,21,4.8,353.7286,1.6691
1,21,4.8,353.7286,1.6691
0,22,0.0,354.0061,1.3602
2,23,8.7,354.5708,0.7294
4,27,14.8,354.9857,0.1333
7,34,20.6,355.6688,359.1421
7,34,20.6,355.6688,359.1421
12,40,30.0,356.2172,358.4737
199,244,81.6,357.9139,356.8116
199,244,81.6,357.9139,356.8116
387,692,55.9,359.215,356.0663
1654,3237,51.1,1.5143,355.3918
1654,3237,51.1,1.5143,355.3918
2046,4024,50.8,1.8818,355.4218
2099,4120,50.9,2.07,355.6004
2165,4373,49.5,1.5759,355.9412
2165,4373,49.5,1.5759,355.9412
2169,4209,51.5,1.04,356.0006
2148,4137,51.9,0.1645,356.1889
2215,4173,53.1,359.6453,356.3557
2215,4173,53.1,359.6453,356.3557
2194,4138,53.0,359.007,356.6685
1372,1653,83.0,358.0425,357.6781
1372,1653,83.0,358.0425,357.6781
1042,1101,94.6,357.7721,358.0906
287,339,84.7,357.3307,358.501
287,339,84.7,357.3307,358.501
257,306,84.0,357.2827,358.645
235,282,83.3,357.3179,358.674
234,282,83.0,357.4099,358.6241
234,282,83.0,357.4099,358.6241
256,306,83.7,357.657,358.5059
751,808,92.9,358.2362,358.064
751,808,92.9,358.2362,358.064
975,1034,94.3,358.65,357.674
1965,2830,69.4,358.9843,357.3427
2577,4469,57.7,359.1377,357.1852
2581,4683,55.1,359.2521,357.0734
2581,4683,55.1,359.2521,357.0734
2611,4727,55.2,359.3154,356.9855
2602,4682,55.6,359.2935,356.977
2606,4680,55.7,359.1265,357.1057
2606,4680,55.7,359.1265,357.1057
2615,4672,56.0,358.8985,357.345
1539,1844,83.5,358.2132,357.9543
1539,1844,83.5,358.2132,357.9543
1092,1151,94.9,358.0728,358.123
619,678,91.3,358.0581,358.2967
619,678,91.3,358.0581,358.2967
627,683,91.8,358.2079,358.2244
882,940,93.8,358.3749,358.0309
1256,1313,95.7,358.6173,357.8136
1256,1313,95.7,358.6173,357.8136
1879,2510,74.9,358.748,357.6452
2765,4439,62.3,358.9879,357.5779
2765,4439,62.3,358.9879,357.5779
2767,4534,61.0,358.9859,357.6397
2722,4404,61.8,358.9171,357.7721
2428,3736,65.0,358.8662,357.8705
2428,3736,65.0,358.8662,357.8705
2229,3243,68.7,358.8203,357.9988
1812,2034,89.1,358.933,358.2457
1812,2034,89.1,358.933,358.2457
1801,2004,89.9,359.0435,358.3204
1990,2286,87.1,359.4431,358.5253
1990,2286,87.1,359.4431,358.5253
2145,2712,79.1,359.5543,358.6069
1976,2161,91.4,359.5455,358.7846
1976,2161,91.4,359.5455,358.7846
1907,1995,95.6,359.5742,358.8457
1933,1987,97.3,359.7645,358.9766
1933,1987,97.3,359.7645,358.9766
2003,2069,96.8,359.8756,359.0126
2087,2242,93.1,0.0312,359.0665
2308,2676,86.2,0.12,359.0996
2308,2676,86.2,0.12,359.0996
2465,2909,84.7,0.2928,359.1216
3072,4767,64.4,0.3995,359.0983
3305,6286,52.6,0.5756,359.0254
3305,6286,52.6,0.5756,359.0254
3301,6331,52.1,0.6877,358.9743
3297,6477,50.9,0.8476,358.9119
3297,6477,50.9,0.8476,358.9119
3321,6497,51.1,0.8737,358.9026
3239,6394,50.7,0.9168,358.8985
3234,6435,50.3,0.941,358.8975
3234,6435,50.3,0.941,358.8975
3294,6523,50.5,1.0357,358.8831
3300,6592,50.1,1.1242,358.8658
3328,6645,50.1,1.2891,358.8433
3328,6645,50.1,1.2891,358.8433
3345,6634,50.4,1.341,358.8561
3302,6573,50.2,1.3116,358.8285
3284,6551,50.1,1.2435,358.7664
3255,6530,49.8,1.1926,358.7039
3255,6530,49.8,1.1926,358.7039
3246,6531,49.7,1.2468,358.6761
3246,6522,49.8,1.3068,358.6766
3236,6503,49.8,1.3457,358.6919
3236,6503,49.8,1.3457,358.6919
3218,6477,49.7,1.3559,358.7
3187,6406,49.8,1.3224,358.7098
3123,6290,49.7,1.3123,358.6918
3123,6290,49.7,1.3123,358.6918
3093,6259,49.4,1.2914,358.6829
3021,6113,49.4,1.3023,358.7147
3021,6113,49.4,1.3023,358.7147
2994,6082,49.2,1.3199,358.7163
2910,5930,49.1,1.2806,358.7317
2910,5930,49.1,1.2806,358.7317
2896,5877,49.3,1.2798,358.7581
2832,5783,49.0,1.2981,358.946
2832,5783,49.0,1.2981,358.946
2849,5822,48.9,1.2417,359.0562
2813,5797,48.5,1.1288,359.1808
2813,5797,48.5,1.1288,359.1808
2797,5786,48.3,1.0986,359.2666
2783,5787,48.1,1.0584,359.3772
2778,5825,47.7,1.0513,359.4548
2778,5825,47.7,1.0513,359.4548
2761,5801,47.6,1.0351,359.5747
2737,5783,47.3,1.0206,359.6423
2736,5800,47.2,1.002,359.6953
2736,5800,47.2,1.002,359.6953
2751,5539,49.7,1.0017,359.6634
2758,5838,47.2,0.9924,359.5934
2776,5955,46.6,0.9653,359.5137
2776,5955,46.6,0.9653,359.5137
2720,5828,46.7,0.9479,359.3906
2691,5861,45.9,0.927,359.3169
2714,5905,46.0,0.9063,359.2039
2714,5905,46.0,0.9063,359.2039
2733,6011,45.5,0.8891,359.1007
2707,5991,45.2,0.8729,359.0485
2719,6028,45.1,0.8599,359.0164
2719,6028,45.1,0.8599,359.0164
2705,6044,44.8,0.8221,359.0157
2683,6036,44.4,0.7978,359.0302
2674,6023,44.4,0.7715,359.0751
2658,5967,44.5,0.7432,359.1183
2658,5967,44.5,0.7432,359.1183
2622,5958,44.0,0.7032,359.2057
2630,6006,43.8,0.6809,359.2669
2618,6007,43.6,0.6583,359.3815
2618,6007,43.6,0.6583,359.3815
2644,6038,43.8,0.5832,359.5487
2581,3264,79.1,0.5288,359.6499
2171,2233,97.2,0.478,359.7438
2171,2233,97.2,0.478,359.7438
1945,1986,97.9,0.3935,359.881
1617,1656,97.6,0.3378,359.9629
1420,1461,97.2,0.2585,0.071
1420,1461,97.2,0.2585,0.071
1207,1246,96.9,0.2148,0.1301
1062,1095,97.0,0.1688,0.1999
896,921,97.3,0.1484,0.233
896,921,97.3,0.1484,0.233
849,871,97.5,0.1272,0.2639
816,834,97.8,0.1211,0.2727
814,827,98.4,0.1228,0.2693
838,848,98.8,0.1316,0.2567
838,848,98.8,0.1316,0.2567
869,872,99.7,0.1594,0.2263
936,937,99.9,0.1798,0.1982
1001,1001,100.0,0.2168,0.1422
1001,1001,100.0,0.2168,0.1422
1155,1155,100.0,0.256,0.0743
1304,1304,100.0,0.2892,0.0222
1444,1444,100.0,0.3155,359.9679
1444,1444,100.0,0.3155,359.9679
1578,1578,100.0,0.352,359.8857
2012,2012,100.0,0.4039,359.7682
2012,2012,100.0,0.4039,359.7682
2082,2082,100.0,0.402,359.7043
2179,2181,99.9,0.4038,359.6436
2301,2304,99.9,0.4052,359.6048
2301,2304,99.9,0.4052,359.6048
2369,2401,98.7,0.3848,359.5519
2432,2487,97.8,0.3742,359.5183
2431,2522,96.4,0.3521,359.4756
2431,2522,96.4,0.3521,359.4756
2402,2597,92.5,0.3367,359.4494
2393,2656,90.1,0.3104,359.4186
2312,2632,87.8,0.3021,359.4011
2312,2632,87.8,0.3021,359.4011
2197,2627,83.6,0.2756,359.3761
1991,2420,82.3,0.2489,359.3617
1820,2161,84.2,0.2149,359.3422
1820,2161,84.2,0.2149,359.3422
1464,1707,85.8,0.2091,359.3316
1146,1454,78.8,0.2011,359.3189
932,1358,68.6,0.1904,359.3125
932,1358,68.6,0.1904,359.3125
2811,3073,91.5,0.1742,359.3054
4942,5515,89.6,0.1673,359.2997
5007,5568,89.9,0.1588,359.294
5007,5568,89.9,0.1588,359.294
5064,5625,90.0,0.1526,359.3161
5038,5533,91.1,0.1782,359.4748
4707,4962,94.9,0.2106,359.6487
4707,4962,94.9,0.2106,359.6487
4294,4593,93.5,359.62,-0.0004
1892,2137,88.5,359.4754,0.3077
1505,1754,85.8,359.6889,0.744
1505,1754,85.8,359.6889,0.744
1456,1748,83.3,359.9128,1.0407
1567,1920,81.6,0.4222,1.4076
2217,2759,80.4,0.8294,1.5682
3101,3902,79.5,1.5442,1.707
3101,3902,79.5,1.5442,1.707
6558,10912,60.1,2.0825,1.7022
8094,16462,49.2,2.4069,2.1085
7962,19353,41.1,2.532,2.4078
7962,19353,41.1,2.532,2.4078
7717,25837,29.9,2.8377,2.618
7897,26491,29.8,3.0339,2.7702
7996,26782,29.9,3.26,2.9755
8069,27060,29.8,3.4002,3.0572
8069,27060,29.8,3.4002,3.0572
8151,27381,29.8,3.4908,3.2087
8072,27184,29.7,3.5595,3.2543
8087,27279,29.6,3.5822,3.3232
8036,27185,29.6,3.6079,3.2726
8036,27185,29.6,3.6079,3.2726
8118,27432,29.6,3.5537,3.239
8044,27227,29.5,3.3447,3.0557
8044,27227,29.5,3.3447,3.0557
8021,27052,29.7,3.1934,2.8922
8042,27051,29.7,3.236,2.9396
8042,27051,29.7,3.236,2.9396
8038,27083,29.7,3.294,3.005
8008,27014,29.6,3.3086,3.0121
8002,27030,29.6,3.2725,2.9895
8002,27030,29.6,3.2725,2.9895
8013,26975,29.7,3.2025,2.9484
8034,26920,29.8,3.1365,2.8465
8034,26920,29.8,3.1365,2.8465
8032,26915,29.8,3.1642,2.8791
8023,26966,29.8,3.1583,2.8846
8023,26966,29.8,3.1583,2.8846
8026,26954,29.8,3.1002,2.8649
7939,26851,29.6,3.0728,2.7966
8019,26966,29.7,3.0661,2.7898
8019,26966,29.7,3.0661,2.7898
8023,27004,29.7,3.0621,2.7877
8011,26908,29.8,3.0074,2.7366
8011,26908,29.8,3.0074,2.7366
7978,26863,29.7,3.0083,2.7342
7991,26865,29.7,2.9699,2.7536
7902,26640,29.7,2.9849,2.6679
7902,26640,29.7,2.9849,2.6679
8085,27014,29.9,2.9409,2.6718
8003,26812,29.8,2.9459,2.6853
8002,26911,29.7,2.934,2.6677
8002,26911,29.7,2.934,2.6677
8020,26836,29.9,2.8942,2.6434
7946,26785,29.7,2.8641,2.5972
7976,26826,29.7,2.8702,2.6058
7985,26848,29.7,2.8782,2.6312
7985,26848,29.7,2.8782,2.6312
7967,26812,29.7,2.8545,2.6077
7952,26696,29.8,2.8004,2.5426
7964,26722,29.8,2.784,2.5271
7964,26722,29.8,2.784,2.5271
7974,26731,29.8,2.7955,2.5494
7958,26736,29.8,2.7398,2.5485
7958,26736,29.8,2.7398,2.5485
7882,26431,29.8,2.6904,2.4397
7969,26608,29.9,2.6596,2.4175
7948,26466,30.0,2.6558,2.4208
7948,26457,30.0,2.6697,2.4309
7948,26457,30.0,2.6697,2.4309
7948,26479,30.0,2.6848,2.4359
7975,26618,30.0,2.702,2.4605
7949,26580,29.9,2.7255,2.4867
7949,26580,29.9,2.7255,2.4867
7960,26591,29.9,2.713,2.4769
7983,26653,30.0,2.6945,2.4186
8017,26676,30.1,2.654,2.4094
8017,26676,30.1,2.654,2.4094
7983,26488,30.1,2.6476,2.412
7967,26474,30.1,2.6217,2.3956
7937,26434,30.0,2.5572,2.3702
7937,26434,30.0,2.5572,2.3702
7835,26015,30.1,2.5321,2.3049
7892,23172,34.1,2.46,2.2327
7887,20569,38.3,2.4241,2.2029
7880,19988,39.4,2.3904,2.1772
7880,19988,39.4,2.3904,2.1772
7849,19406,40.4,2.3444,2.1371
7840,19007,41.2,2.2923,2.0783
7837,18054,43.4,2.2688,2.0556
7837,18054,43.4,2.2688,2.0556
7836,17737,44.2,2.2762,2.0669
7834,17803,44.0,2.2879,2.0472
7921,17982,44.0,2.2773,2.0297
7921,17982,44.0,2.2773,2.0297
7915,17722,44.7,2.2514,2.0439
7848,17388,45.1,2.2272,2.0255
7836,17302,45.3,2.217,1.9821
7836,17302,45.3,2.217,1.9821
7888,17245,45.7,2.1924,1.9915
7821,17002,46.0,2.1856,1.9904
7802,16922,46.1,2.1284,1.9989
7802,16922,46.1,2.1284,1.9989
7694,16498,46.6,2.0847,1.9399
7746,16343,47.4,2.0161,1.8409
7777,15514,50.1,1.9918,1.8031
7777,15514,50.1,1.9918,1.8031
7779,15425,50.4,2.009,1.825
7787,15547,50.1,2.0258,1.849
7769,15648,49.6,2.0418,1.853
7776,15817,49.2,2.0228,1.8483
7776,15817,49.2,2.0228,1.8483
7750,15628,49.6,1.9647,1.832
7635,15158,50.4,1.9329,1.7614
7713,15208,50.7,1.8601,1.6951
7637,14821,51.5,1.8176,1.6541
7637,14821,51.5,1.8176,1.6541
7613,14430,52.8,1.738,1.546
7596,14099,53.9,1.6847,1.5277
7403,13357,55.4,1.6182,1.5227
7403,13357,55.4,1.6182,1.5227
7164,12312,58.2,1.6016,1.4566
7204,11209,64.3,1.5173,1.3727
7204,11209,64.3,1.5173,1.3727
7198,11178,64.4,1.5058,1.3709
7172,11079,64.7,1.491,1.3582
7144,10966,65.1,1.5513,1.4012
7144,10966,65.1,1.5513,1.4012
7214,11418,63.2,1.584,1.4464
7217,11708,61.6,1.6046,1.4641
7232,12095,59.8,1.6248,1.4811
7232,12095,59.8,1.6248,1.4811
7255,12381,58.6,1.6625,1.4852
7393,13032,56.7,1.7085,1.5521
7409,13758,53.9,1.7589,1.605
7409,13758,53.9,1.7589,1.605
7511,14087,53.3,1.8024,1.6366
7591,14349,52.9,1.8047,1.645
7569,14346,52.8,1.7886,1.627
7523,14277,52.7,1.7636,1.6
7523,14277,52.7,1.7636,1.6
7519,14162,53.1,1.7194,1.5256
7485,13925,53.8,1.6756,1.5217
7324,13136,55.8,1.6738,1.518
7324,13136,55.8,1.6738,1.518
7318,13121,55.8,1.6917,1.5226
7401,13488,54.9,1.7142,1.5612
7361,13790,53.4,1.7323,1.5771
7451,13959,53.4,1.7249,1.5712
7451,13959,53.4,1.7249,1.5712
7397,13807,53.6,1.6756,1.5547
7226,12928,55.9,1.6657,1.5125
7295,13003,56.1,1.6235,1.4715
7266,12522,58.0,1.526,1.3924
7266,12522,58.0,1.526,1.3924
7140,11229,63.6,1.4402,1.3067
6989,10577,66.1,1.4139,1.2753
6937,10411,66.6,1.4091,1.2768
6937,10411,66.6,1.4091,1.2768
6905,10319,66.9,1.3963,1.2741
6816,10163,67.1,1.4604,1.3258
7032,10761,65.3,1.4842,1.3533
7032,10761,65.3,1.4842,1.3533
7047,10900,64.7,1.5217,1.3892
7102,11050,64.3,1.5283,1.3859
7122,11056,64.4,1.5444,1.393
7122,11056,64.4,1.5444,1.393
7144,11282,63.3,1.5576,1.4157
7139,11341,62.9,1.5605,1.4244
7134,11310,63.1,1.5169,1.4404
7134,11310,63.1,1.5169,1.4404
6958,10888,63.9,1.5265,1.3747
7081,11038,64.2,1.5353,1.3998
7081,11038,64.2,1.5353,1.3998
7095,11054,64.2,1.5011,1.3862
7020,10985,63.9,1.5069,1.3717
7050,10884,64.8,1.4757,1.359
7050,10884,64.8,1.4757,1.359
6959,10707,65.0,1.4587,1.3239
6989,10670,65.5,1.4427,1.3133
6948,10536,65.9,1.4407,1.3161
6948,10536,65.9,1.4407,1.3161
6897,10486,65.8,1.431,1.3016
6838,10306,66.3,1.4081,1.2761
6838,10306,66.3,1.4081,1.2761
6860,10337,66.4,1.3853,1.2589
6657,9911,67.2,1.3574,1.2419
6508,9508,68.4,1.341,1.2131
6454,9378,68.8,1.3394,1.2154
6454,9378,68.8,1.3394,1.2154
6442,9354,68.9,1.3259,1.2064
6308,9069,69.6,1.3462,1.2176
6493,9470,68.6,1.3937,1.2684
6493,9470,68.6,1.3937,1.2684
6709,10046,66.8,1.4097,1.2895
6745,10133,66.6,1.4757,1.3377
6983,10761,64.9,1.4762,1.393
6983,10761,64.9,1.4762,1.393
6836,10512,65.0,1.5382,1.3913
7069,11064,63.9,1.5715,1.4246
7025,11182,62.8,1.5829,1.4407
7025,11182,62.8,1.5829,1.4407
7016,11305,62.1,1.5648,1.4548
6935,10982,63.1,1.5614,1.424
7027,11125,63.2,1.5372,1.3977
7027,11125,63.2,1.5372,1.3977
7001,11048,63.4,1.4889,1.3492
6950,10766,64.6,1.4249,1.3397
6679,10141,65.9,1.406,1.2729
6679,10141,65.9,1.406,1.2729
6662,10035,66.4,1.4027,1.2732
6647,9993,66.5,1.3639,1.2529
6357,9427,67.4,1.3824,1.2479
6357,9427,67.4,1.3824,1.2479
6556,9807,66.9,1.3635,1.2826
6282,9304,67.5,1.3774,1.2535
6412,9509,67.4,1.397,1.2536
6412,9509,67.4,1.397,1.2536
6639,9992,66.4,1.4371,1.3015
6775,10270,66.0,1.5155,1.3665
6949,10875,63.9,1.5536,1.4161
6949,10875,63.9,1.5536,1.4161
6945,11026,63.0,1.5974,1.4617
7010,11882,59.0,1.6584,1.5006
7110,12642,56.2,1.694,1.5547
7110,12642,56.2,1.694,1.5547
7148,13557,52.7,1.6974,1.5592
7159,13630,52.5,1.6888,1.5365
7150,13243,54.0,1.6327,1.5325
7150,13243,54.0,1.6327,1.5325
6941,12132,57.2,1.5868,1.4827
6905,11446,60.3,1.5306,1.4333
6834,10839,63.1,1.4716,1.3314
6834,10839,63.1,1.4716,1.3314
6844,10535,65.0,1.4602,1.3205
6795,10480,64.8,1.4914,1.3499
6861,10669,64.3,1.5064,1.3704
6861,10669,64.3,1.5064,1.3704
6878,10768,63.9,1.5369,1.3585
7009,11024,63.6,1.4909,1.4111
6891,11000,62.6,1.5454,1.4016
6891,11000,62.6,1.5454,1.4016
6899,11159,61.8,1.5584,1.4223
6926,11345,61.0,1.5509,1.4295
6907,11095,62.3,1.5279,1.4335
6907,11095,62.3,1.5279,1.4335
6766,10725,63.1,1.5314,1.3593
6946,11032,63.0,1.4961,1.3582
6823,10778,63.3,1.5004,1.3555
6823,10778,63.3,1.5004,1.3555
6844,10841,63.1,1.5067,1.3721
6823,10825,63.0,1.5035,1.3726
6808,10790,63.1,1.4855,1.3567
6821,10596,64.4,1.4807,1.3362
6821,10596,64.4,1.4807,1.3362
6847,10592,64.6,1.4519,1.3247
6787,10395,65.3,1.4009,1.2767
6673,10084,66.2,1.4498,1.3167
6673,10084,66.2,1.4498,1.3167
6765,10381,65.2,1.4682,1.3356
6758,10510,64.3,1.459,1.3479
6689,10331,64.7,1.4906,1.3637
6689,10331,64.7,1.4906,1.3637
6804,10701,63.6,1.5153,1.3671
6885,11157,61.7,1.5915,1.4453
6885,11157,61.7,1.5915,1.4453
6946,11466,60.6,1.5768,1.4514
6852,11029,62.1,1.5749,1.4354
6880,11035,62.3,1.5119,1.3896
6880,11035,62.3,1.5119,1.3896
6798,10673,63.7,1.5149,1.3587
6882,10708,64.3,1.5606,1.4119
6877,10956,62.8,1.5867,1.4461
6892,11200,61.5,1.6068,1.4676
6892,11200,61.5,1.6068,1.4676
6950,11555,60.1,1.6147,1.4747
6915,11419,60.6,1.6073,1.4582
6940,11550,60.1,1.5803,1.4411
6940,11550,60.1,1.5803,1.4411
6897,11161,61.8,1.5304,1.3959
6804,10669,63.8,1.5314,1.3635
6887,10811,63.7,1.5631,1.4176
6887,10811,63.7,1.5631,1.4176
6868,10934,62.8,1.5958,1.4508
6976,11861,58.8,1.6751,1.5134
6976,11861,58.8,1.6751,1.5134
7021,12560,55.9,1.7194,1.5693
7076,13393,52.8,1.6746,1.5711
7076,13393,52.8,1.6746,1.5711
6890,12373,55.7,1.6089,1.4802
6852,11323,60.5,1.5635,1.4245
6837,10866,62.9,1.459,1.3197
6837,10866,62.9,1.459,1.3197
6723,10318,65.2,1.4706,1.3161
6764,10388,65.1,1.5398,1.4002
6820,10758,63.4,1.5818,1.4433
6820,10758,63.4,1.5818,1.4433
6864,11177,61.4,1.6122,1.485
6896,11530,59.8,1.6078,1.4943
6872,11502,59.7,1.6021,1.4609
6872,11502,59.7,1.6021,1.4609
6917,11349,60.9,1.5737,1.434
6870,11000,62.5,1.4943,1.4204
6617,10289,64.3,1.4857,1.3385
6617,10289,64.3,1.4857,1.3385
6792,10568,64.3,1.4193,1.2904
6502,9969,65.2,1.4097,1.2717
6433,9838,65.4,1.4154,1.2878
6433,9838,65.4,1.4154,1.2878
6499,9927,65.5,1.4128,1.2873
6378,9667,66.0,1.403,1.2401
6458,9756,66.2,1.3585,1.2393
6458,9756,66.2,1.3585,1.2393
6076,8930,68.0,1.3757,1.2456
6298,9525,66.1,1.3693,1.2979
6298,9525,66.1,1.3693,1.2979
6016,8931,67.4,1.4253,1.2839
6746,10458,64.5,1.5035,1.3809
6746,10458,64.5,1.5035,1.3809
6765,10574,64.0,1.5223,1.3904
6815,10759,63.3,1.4729,1.3891
6535,10060,65.0,1.4667,1.3505
6535,10060,65.0,1.4667,1.3505
6613,10134,65.3,1.4102,1.29
6270,9503,66.0,1.3799,1.2402
6199,9357,66.2,1.3653,1.2345
6199,9357,66.2,1.3653,1.2345
6143,9002,68.2,1.358,1.2359
6086,8926,68.2,1.3543,1.2317
6058,8866,68.3,1.3144,1.2416
5740,7817,73.4,1.299,1.1593
5740,7817,73.4,1.299,1.1593
5955,8267,72.0,1.2954,1.1725
5858,8128,72.1,1.2892,1.1934
5743,7881,72.9,1.3003,1.2282
5743,7881,72.9,1.3003,1.2282
5711,7972,71.6,1.322,1.1912
6000,8621,69.6,1.324,1.166
6133,8742,70.2,1.3139,1.1904
6133,8742,70.2,1.3139,1.1904
6023,8419,71.5,1.3151,1.1985
6138,9279,66.1,1.3821,1.2585
6138,9279,66.1,1.3821,1.2585
6169,9368,65.9,1.3677,1.2718
6064,9045,67.0,1.3635,1.2759
6064,9045,67.0,1.3635,1.2759
6043,8963,67.4,1.4006,1.2704
6484,9938,65.2,1.4589,1.3159
6484,9938,65.2,1.4589,1.3159
6725,10265,65.5,1.4753,1.3787
6610,10196,64.8,1.4992,1.3657
6811,10570,64.4,1.5524,1.4121
6811,10570,64.4,1.5524,1.4121
6857,10818,63.4,1.5454,1.4493
6740,10676,63.1,1.5976,1.4396
6902,11301,61.1,1.6364,1.4853
6953,11681,59.5,1.674,1.5274
6953,11681,59.5,1.674,1.5274
7015,12713,55.2,1.6845,1.5338
7072,12871,54.9,1.6562,1.5073
7002,12105,57.8,1.6074,1.4967
7002,12105,57.8,1.6074,1.4967
6785,11222,60.5,1.5733,1.4312
6867,10975,62.6,1.5473,1.4029
6849,10829,63.2,1.5331,1.3947
6849,10829,63.2,1.5331,1.3947
6803,10710,63.5,1.5191,1.3828
6724,10286,65.4,1.4265,1.2994
6724,10286,65.4,1.4265,1.2994
6568,9988,65.8,1.4617,1.3219
6682,10264,65.1,1.4468,1.3376
6489,9972,65.1,1.4735,1.3404
6489,9972,65.1,1.4735,1.3404
6647,10241,64.9,1.471,1.3467
6632,10244,64.7,1.4751,1.3403
6662,10240,65.1,1.4566,1.3323
6662,10240,65.1,1.4566,1.3323
6555,10059,65.2,1.4206,1.294
6291,9546,65.9,1.388,1.2612
6063,9016,67.2,1.3353,1.2265
5917,8337,71.0,1.2926,1.178
5917,8337,71.0,1.2926,1.178
5738,7755,74.0,1.3107,1.1947
5796,7899,73.4,1.3105,1.202
5858,8107,72.3,1.2982,1.2552
5858,8107,72.3,1.2982,1.2552
5569,7584,73.4,1.3574,1.2376
5994,8658,69.2,1.3898,1.2648
6062,9015,67.2,1.4047,1.2834
6062,9015,67.2,1.4047,1.2834
6181,9287,66.6,1.3836,1.2641
6015,8865,67.9,1.369,1.2411
6021,8775,68.6,1.3082,1.2385
6021,8775,68.6,1.3082,1.2385
5646,7724,73.1,1.2942,1.1816
5992,8761,68.4,1.3521,1.2752
5992,8761,68.4,1.3521,1.2752
5894,8251,71.4,1.3963,1.271
6166,9256,66.6,1.4081,1.2666
6280,9500,66.1,1.4034,1.2782
6280,9500,66.1,1.4034,1.2782
6187,9358,66.1,1.3746,1.2947
5939,8730,68.0,1.3752,1.2494
6112,9045,67.6,1.4306,1.3043
6112,9045,67.6,1.4306,1.3043
6344,9664,65.6,1.4387,1.3471
6318,9665,65.4,1.5077,1.359
6760,10532,64.2,1.5559,1.4163
6760,10532,64.2,1.5559,1.4163
6791,10768,63.1,1.611,1.4651
6846,11327,60.4,1.6393,1.4863
6841,11696,58.5,1.652,1.4742
6841,11696,58.5,1.652,1.4742
6956,12038,57.8,1.6311,1.4896
6865,11658,58.9,1.582,1.4529
6778,11054,61.3,1.5636,1.4141
6778,11054,61.3,1.5636,1.4141
6829,10873,62.8,1.5016,1.3643
6709,10401,64.5,1.4344,1.3202
6353,9668,65.7,1.4308,1.2919
6353,9668,65.7,1.4308,1.2919
6414,9746,65.8,1.4232,1.2928
6313,9595,65.8,1.3983,1.2789
6154,9198,66.9,1.3981,1.2538
6154,9198,66.9,1.3981,1.2538
6236,9381,66.5,1.3847,1.2596
6092,9038,67.4,1.3645,1.2534
5969,8724,68.4,1.3268,1.2631
5710,8071,70.7,1.3222,1.223
5710,8071,70.7,1.3222,1.223
5943,8433,70.5,1.393,1.2567
6194,9203,67.3,1.4202,1.2958
6303,9511,66.3,1.4478,1.3166
6303,9511,66.3,1.4478,1.3166
6543,10020,65.3,1.4534,1.3463
6495,9971,65.1,1.4452,1.3751
6292,9716,64.8,1.4325,1.337
6292,9716,64.8,1.4325,1.337
6460,9881,65.4,1.4505,1.325
6577,10061,65.4,1.445,1.2763
6662,10134,65.7,1.4106,1.28
6662,10134,65.7,1.4106,1.28
6240,9437,66.1,1.3883,1.2673
6100,9077,67.2,1.3388,1.2198
6003,8670,69.2,1.3654,1.2338
6003,8670,69.2,1.3654,1.2338
6049,8821,68.6,1.3908,1.2632
6336,9613,65.9,1.4221,1.2985
6336,9613,65.9,1.4221,1.2985
6300,9535,66.1,1.4246,1.2986
6332,9601,66.0,1.4729,1.3346
6667,10308,64.7,1.5049,1.3672
6667,10308,64.7,1.5049,1.3672
6718,10447,64.3,1.5222,1.3859
6726,10525,63.9,1.5247,1.3905
6734,10540,63.9,1.5367,1.4021
6745,10660,63.3,1.5419,1.3968
6745,10660,63.3,1.5419,1.3968
6808,10698,63.6,1.5221,1.3833
6751,10547,64.0,1.5147,1.3768
6746,10531,64.1,1.485,1.3552
6746,10531,64.1,1.485,1.3552
6648,10223,65.0,1.4613,1.3214
6699,10314,65.0,1.4986,1.3522
6864,11252,61.0,1.6265,1.4678
6864,11252,61.0,1.6265,1.4678
6881,11504,59.8,1.695,1.5472
6928,12529,55.3,1.7374,1.5784
7040,13551,52.0,1.7403,1.6018
7040,13551,52.0,1.7403,1.6018
6992,13433,52.1,1.7253,1.5732
7027,13300,52.8,1.693,1.5389
6965,12573,55.4,1.6888,1.5302
6986,12547,55.7,1.6447,1.5077
6986,12547,55.7,1.6447,1.5077
6833,11633,58.7,1.6337,1.4726
6926,11661,59.4,1.583,1.4317
6849,11085,61.8,1.5425,1.405
6781,10686,63.5,1.5626,1.403
6781,10686,63.5,1.5626,1.403
6856,10872,63.1,1.5931,1.4483
6819,11081,61.5,1.638,1.4556
6789,11475,59.2,1.5959,1.5052
6789,11475,59.2,1.5959,1.5052
6704,11021,60.8,1.5763,1.4408
6783,10999,61.7,1.5499,1.4058
6781,10745,63.1,1.5298,1.3852
6759,10562,64.0,1.5097,1.3737
6759,10562,64.0,1.5097,1.3737
6695,10418,64.3,1.5458,1.3963
6796,10737,63.3,1.5832,1.445
6737,11184,60.2,1.6223,1.4886
6737,11184,60.2,1.6223,1.4886
6783,11616,58.4,1.6396,1.4914
6743,11308,59.6,1.5739,1.4353
6743,11308,59.6,1.5739,1.4353
6781,10994,61.7,1.5337,1.3981
6781,10853,62.5,1.4432,1.305
6488,10043,64.6,1.4099,1.2834
6488,10043,64.6,1.4099,1.2834
6094,9240,66.0,1.3936,1.2629
5679,8032,70.7,1.329,1.2081
5679,8032,70.7,1.329,1.2081
5821,8273,70.4,1.3585,1.2318
5855,8538,68.6,1.3447,1.2303
5855,8538,68.6,1.3447,1.2303
5856,8536,68.6,1.3337,1.2609
5792,8234,70.3,1.3392,1.2179
5792,8234,70.3,1.3392,1.2179
5741,8141,70.5,1.3623,1.2351
5875,8461,69.4,1.37,1.2469
5841,8530,68.5,1.3918,1.2494
5841,8530,68.5,1.3918,1.2494
5974,8876,67.3,1.3989,1.276
5882,8781,67.0,1.3715,1.2697
5772,8310,69.5,1.3719,1.244
5772,8310,69.5,1.3719,1.244
5877,8586,68.4,1.3486,1.2244
5736,8125,70.6,1.3482,1.2225
5762,8252,69.8,1.3589,1.223
5762,8252,69.8,1.3589,1.223
5899,8661,68.1,1.3912,1.2581
5926,8859,66.9,1.4213,1.2962
5882,8888,66.2,1.4197,1.2642
5882,8888,66.2,1.4197,1.2642
6180,9458,65.3,1.3631,1.2491
5813,8498,68.4,1.3191,1.1968
5698,7943,71.7,1.3168,1.1946
5700,7858,72.5,1.3296,1.2107
5700,7858,72.5,1.3296,1.2107
5717,7949,71.9,1.3497,1.2226
5752,8194,70.2,1.3594,1.2326
5605,7846,71.4,1.3423,1.1829
5605,7846,71.4,1.3423,1.1829
5899,8441,69.9,1.3186,1.1911
5714,8012,71.3,1.3216,1.2026
5754,8136,70.7,1.3804,1.2552
5754,8136,70.7,1.3804,1.2552
5920,8772,67.5,1.4103,1.2983
6471,10110,64.0,1.5136,1.377
6535,10306,63.4,1.4675,1.3793
6535,10306,63.4,1.4675,1.3793
6188,9720,63.7,1.4658,1.3008
5688,7914,71.9,1.3059,1.1874
5597,7564,74.0,1.2697,1.1573
5422,7071,76.7,1.2828,1.1326
5592,7323,76.4,1.2641,1.1909
5288,6887,76.8,1.3269,1.1681
5777,8126,71.1,1.3279,1.2215
5647,7918,71.3,1.3478,1.2197
5808,8180,71.0,1.3766,1.233
5890,8649,68.1,1.4126,1.2837
6604,10405,63.5,1.5368,1.4013
6669,10818,61.6,1.5502,1.4105
6610,10508,62.9,1.5188,1.3747
6552,10399,63.0,1.5144,1.3764
6541,10354,63.2,1.486,1.3698
6365,9960,63.9,1.4908,1.3504
6159,9484,64.9,1.4474,1.3168
6491,10345,62.7,1.5273,1.386
6684,11128,60.1,1.6188,1.4715
